date;Share Price;Adjusted Share Price;ExpiryDate;ExercisePrice;Option price;EndofDayDelta;Empirical volatility;Implied volatility
2024-01-17;28.165;25.729320930664475;2026-12-18;32.0;2.43;42.1439;23.0;23.142
2024-01-18;28.11;25.679077271825967;2026-12-18;32.0;2.2;39.926;23.0;23.12
2024-01-19;27.98;25.560319532753134;2026-12-18;32.0;2.15;39.5109;22.0;22.953
2024-03-14;30.015;27.720905330724275;2026-12-18;32.0;2.82;46.7382;21.0;21.933
2024-03-15;30.11;27.808644328106208;2026-12-18;32.0;2.91;47.4478;22.0;22.07
2024-03-19;30.685;28.339696154365292;2026-12-18;32.0;3.04;48.7118;22.0;22.003
2024-03-20;30.625;28.28428205075565;2026-12-18;32.0;3.22;50.3022;21.0;21.852
2024-03-21;30.82;28.464377887486993;2026-12-18;32.0;3.17;50.008;21.0;21.807
2024-03-22;30.92;28.5567347268364;2026-12-18;32.0;3.24;50.6919;21.0;21.629
2024-03-26;31.11;28.73221272160027;2026-12-18;32.0;3.42;52.0999;21.0;21.602
2024-03-27;30.695;28.348931838300235;2026-12-18;32.0;3.37;51.7505;21.0;21.552
2024-03-28;30.955;28.58905962060869;2026-12-18;32.0;3.13;49.9439;21.0;21.464
2024-04-03;32.255;29.789698532150975;2026-12-18;32.0;3.77;54.9775;21.0;21.423
2024-04-04;32.405;29.92823379117508;2026-12-18;32.0;3.94;56.1892;21.0;21.462
2024-04-05;32.565;30.076004734134127;2026-12-18;32.0;4.03;56.7874;21.0;21.535
2024-04-09;33.16;30.625527928263093;2026-12-18;32.0;4.39;58.9863;21.0;21.802
2024-04-10;33.645;31.07345859910772;2026-12-18;32.0;4.5;59.6441;21.0;21.784
2024-04-11;33.56;30.994955285660726;2026-12-18;32.0;4.85;61.4357;22.0;22.034
2024-04-12;34.57;31.927759363089727;2026-12-18;32.0;4.81;61.1381;22.0;22.154
2024-04-16;33.48;30.921069814181195;2026-12-18;32.0;5.21;62.88;22.0;22.714
2024-04-17;33.53;30.9672482338559;2026-12-18;32.0;4.87;60.9478;22.0;22.744
2024-04-18;33.47;30.911834130246255;2026-12-18;32.0;4.9;61.1216;22.0;22.794
2024-04-19;33.465;30.90721628827879;2026-12-18;32.0;4.87;60.9124;22.0;22.853
2024-04-24;34.015;31.41517890470052;2026-12-18;32.0;5.14;62.2506;23.0;23.003
2024-04-26;34.045;31.442885956505343;2026-12-18;32.0;5.22;62.7769;22.0;22.954
2024-05-07;33.885;31.29511501354629;2026-12-18;32.0;4.91;61.8208;22.0;22.467
2024-05-09;33.96;31.36438264305835;2026-12-18;32.0;4.87;61.7878;22.0;22.269
2024-05-10;34.405;31.775370578163205;2026-12-18;32.0;4.98;62.3344;22.0;22.359
2024-05-15;33.62;31.050369389270365;2026-12-18;32.0;5.19;63.6006;22.0;22.266
2024-05-15;33.62;31.050369389270365;2026-12-18;32.0;4.93;62.1918;22.0;22.239
2024-05-16;33.12;30.881910514297047;2026-12-18;32.0;4.71;60.9771;22.0;22.168
2024-05-17;32.9;30.676777050735897;2026-12-18;32.0;4.59;60.2883;22.0;22.192
2024-05-21;32.96;30.73272254079803;2026-12-18;32.0;4.47;59.5634;22.0;22.239
2024-05-22;32.605;30.401711724597078;2026-12-18;32.0;4.46;59.6736;22.0;22.059
2024-05-23;32.735;30.52292695306503;2026-12-18;32.0;4.19;58.2489;21.0;21.817
2024-05-24;32.695;30.48562995969028;2026-12-18;32.0;4.25;58.8117;21.0;21.642
2024-05-29;33.07;30.835289272578606;2026-12-18;32.0;4.26;58.9741;21.0;21.526
2024-05-30;32.975;30.746708913313565;2026-12-18;32.0;4.46;60.0435;21.0;21.725
2024-05-31;33.205;30.9611666252184;2026-12-18;32.0;4.38;59.6335;21.0;21.629
2024-06-04;32.135;29.96347205244371;2026-12-18;32.0;4.29;59.2615;21.0;21.478
2024-06-05;32.1;29.9308371832408;2026-12-18;32.0;3.9;56.3647;21.0;21.718
2024-06-07;32.335;30.149957019317483;2026-12-18;32.0;3.99;57.0633;21.0;21.687
2024-06-19;32.61;30.406373848768922;2026-12-18;32.0;3.98;57.1391;21.0;21.632
2024-06-20;32.86;30.63948005736114;2026-12-18;32.0;4.03;57.6608;21.0;21.525
2024-07-02;34.055;31.753727734431944;2026-12-18;32.0;4.74;62.6733;21.0;21.157
2024-07-03;33.88;31.590553388417394;2026-12-18;32.0;4.83;63.3413;21.0;21.083
2024-07-10;33.63;31.357447179825176;2026-12-18;32.0;4.45;61.2722;20.0;20.839
2024-07-16;33.25;31.003125742765;2026-12-18;32.0;4.33;60.6858;20.0;20.777
2024-07-19;33.335;31.082381853686357;2026-12-18;32.0;4.55;62.1119;20.0;20.784
2024-07-24;33.02;30.788668030860165;2026-12-18;32.0;3.96;58.0745;20.0;20.976
2024-07-26;33.065;30.83062714840676;2026-12-18;32.0;3.94;58.1273;20.0;20.813
2024-07-30;33.02;30.788668030860165;2026-12-18;32.0;3.99;58.5729;20.0;20.74
2024-07-31;33.795;31.511297277496038;2026-12-18;32.0;3.97;58.4192;20.0;20.756
2024-08-01;33.6;31.329474434794108;2026-12-18;32.0;4.45;61.3969;20.0;20.998
2024-08-06;31.78;29.63246123624276;2026-12-18;32.0;3.39;52.6593;22.0;22.023
2024-08-21;32.185;30.293491694840842;2026-12-18;32.0;3.75;56.1476;21.0;21.5
2024-08-22;32.115;30.22760558582612;2026-12-18;32.0;3.66;55.5523;21.0;21.427
2024-08-23;32.305;30.40643931029465;2026-12-18;32.0;3.62;55.2452;21.0;21.436
2024-08-23;32.305;30.40643931029465;2026-12-18;32.0;4.13;58.8854;21.0;21.496
2024-08-29;32.525;30.613509938626635;2026-12-18;32.0;3.67;55.9218;21.0;21.23
2024-08-29;32.525;30.613509938626635;2026-12-18;32.0;3.83;57.0021;21.0;21.405
2024-08-29;32.525;30.613509938626635;2026-12-18;32.0;3.88;57.4867;21.0;21.318
2024-09-03;31.35;29.507564537308074;2026-12-18;32.0;3.61;55.4032;21.0;21.319
2024-09-04;31.005;29.182840142878366;2026-12-18;32.0;3.14;51.6067;21.0;21.243
2024-09-05;30.9;29.084010979356282;2026-12-18;32.0;2.99;50.1049;21.0;21.409
2024-09-06;30.205;28.42985603985296;2026-12-18;32.0;2.93;49.6047;21.0;21.407
2024-09-10;30.075;28.30749612311133;2026-12-18;32.0;2.78;47.8411;21.0;21.902
2024-09-11;29.99;28.227491562164882;2026-12-18;32.0;2.6;45.8999;22.0;22.015
2024-09-12;30.305;28.523979052731136;2026-12-18;32.0;2.57;45.5524;22.0;22.077
2024-09-13;30.51;28.716931229131397;2026-12-18;32.0;2.66;46.737;21.0;21.816
2024-09-17;30.63;28.829878844585206;2026-12-18;32.0;2.64;46.8668;21.0;21.546
2024-09-18;30.65;28.84870344716084;2026-12-18;32.0;2.7;47.7015;21.0;21.263
2024-09-25;30.625;28.8251726939413;2026-12-18;32.0;2.87;49.6907;20.0;20.886
2024-09-26;29.315;27.5921612252372;2026-12-18;32.0;2.62;47.2606;20.0;20.951
2024-09-27;29.465;27.733345744554462;2026-12-18;32.0;2.09;41.3086;21.0;21.293
2024-10-01;30.12;28.349851478906512;2026-12-18;32.0;2.18;42.2874;21.0;21.169
2024-10-02;30.66;28.85811574844866;2026-12-18;32.0;2.45;45.0894;21.0;21.339
2024-10-03;30.845;29.032243322273285;2026-12-18;32.0;2.72;47.6828;21.0;21.532
2024-10-04;31.14;29.309906210263904;2026-12-18;32.0;2.79;48.4228;21.0;21.515
2024-10-08;31.035;29.21107704674182;2026-12-18;32.0;3.24;52.5957;21.0;21.33
2024-10-09;31.15;29.31931851155172;2026-12-18;32.0;2.92;49.6176;21.0;21.573
2024-10-11;31.265;29.427559976361625;2026-12-18;32.0;3.01;50.5432;21.0;21.362
2024-10-16;30.585;28.78752348879003;2026-12-18;32.0;2.51;46.0126;21.0;21.125
2024-10-17;30.96;29.14048478708319;2026-12-18;32.0;2.63;47.0281;21.0;21.358
2024-10-18;30.73;28.924001857463384;2026-12-18;32.0;2.76;48.6036;21.0;21.158
2024-10-22;31.095;29.267550854468723;2026-12-18;32.0;2.7;47.9961;21.0;21.147
2024-10-24;30.79;28.980475665190287;2026-12-18;32.0;2.65;47.5451;21.0;21.168
2024-10-29;30.2;28.425149889209052;2026-12-18;32.0;2.5;45.9805;21.0;21.155
2024-10-31;30.815;29.004006418409833;2026-12-18;32.0;2.33;44.2799;21.0;21.118
2024-11-05;31.405;29.55933219439107;2026-12-18;32.0;2.8;49.2404;21.0;21.062
2024-11-06;31.43;29.582862947610614;2026-12-18;32.0;2.92;50.2468;21.0;21.181
2024-11-08;31.25;29.413441524429896;2026-12-18;32.0;2.92;50.885;20.0;20.465
2024-11-12;30.63;28.829878844585206;2026-12-18;32.0;2.67;48.7216;20.0;20.355
2024-11-13;30.715;28.90988340553166;2026-12-18;32.0;2.39;45.6848;20.0;20.38
2024-11-14;30.815;29.308588488083608;2026-12-18;32.0;2.39;45.9218;20.0;20.16
2024-11-15;31.055;29.536855930470107;2026-12-18;32.0;2.6;48.0771;20.0;20.368
2024-11-19;31.145;29.62245622136505;2026-12-18;32.0;2.85;50.4467;20.0;20.408
2024-11-20;31.02;29.50356692845541;2026-12-18;32.0;2.79;49.7337;20.0;20.608
2024-11-21;31.525;29.983879671810342;2026-12-18;32.0;2.76;49.2537;20.0;20.859
2024-11-22;31.61;30.064724390988896;2026-12-18;32.0;3.0;51.5825;20.0;20.673
2024-11-27;30.715;29.2134770537559;2026-12-18;32.0;2.62;48.1122;20.0;20.634
2024-11-29;30.72;29.218232625472282;2026-12-18;32.0;2.49;46.9669;20.0;20.455
2024-12-03;31.035;29.51783364360457;2026-12-18;32.0;2.36;45.9302;20.0;20.038
2024-12-04;30.775;29.270543914352523;2026-12-18;32.0;2.57;48.2512;20.0;20.109
2024-12-05;30.3;28.818764601295904;2026-12-18;32.0;2.45;46.9149;20.0;20.102
2024-12-06;30.085;28.61427501749133;2026-12-18;32.0;2.25;44.5421;20.0;20.143
2024-12-10;30.79;29.284810629501678;2026-12-18;32.0;2.46;47.1249;20.0;20.066
2024-12-12;30.58;29.08507661741349;2026-12-18;32.0;2.3;45.4459;19.0;19.959
2024-12-13;30.35;28.86632031845976;2026-12-18;32.0;2.32;45.6869;19.0;19.962
2024-12-17;29.43;27.991295122644832;2026-12-18;32.0;2.06;42.5319;20.0;20.062
2024-12-18;29.575;28.12920670242001;2026-12-18;32.0;1.84;39.7462;20.0;20.177
2024-12-20;29.195;27.767783251974716;2026-12-18;32.0;1.81;39.4964;20.0;20.111
2024-12-24;29.545;28.1006732721217;2026-12-18;32.0;1.74;38.7411;19.0;19.979
2024-12-31;30.115;28.64280844778964;2026-12-18;32.0;2.05;42.911;19.0;19.803
2024-12-31;30.115;28.64280844778964;2026-12-18;32.0;1.91;41.0512;19.0;19.875
2025-01-03;31.285;29.75561222942384;2026-12-18;32.0;2.32;46.3539;19.0;19.57
2025-01-07;31.775;30.221658257629613;2026-12-18;32.0;2.62;49.532;19.0;19.777
2025-01-08;31.24;29.71281208397637;2026-12-18;32.0;2.82;51.4894;19.0;19.777
2025-01-09;31.55;30.00765753039227;2026-12-18;32.0;2.53;48.5133;19.0;19.917
2025-01-10;31.62;30.074235534421668;2026-12-18;32.0;2.68;50.0984;19.0;19.869
2025-01-14;31.89;30.33103640710648;2026-12-18;32.0;2.99;52.6804;20.0;20.26
2025-01-16;32.165;30.592592851507682;2026-12-18;32.0;3.04;53.2338;20.0;20.181
2025-01-21;32.12;30.54979270606021;2026-12-18;32.0;3.12;54.3033;20.0;20.008
2025-01-22;32.04;30.473703558598043;2026-12-18;32.0;2.95;52.943;19.0;19.843
2025-01-23;31.975;30.411881126285035;2026-12-18;32.0;2.89;52.4621;19.0;19.696
2025-01-24;31.285;29.75561222942384;2026-12-18;32.0;2.86;52.1419;19.0;19.769
2025-01-28;30.97;29.456011211291553;2026-12-18;32.0;2.35;46.6923;19.0;19.919
2025-01-29;31.1;29.57965607591758;2026-12-18;32.0;2.35;46.8065;19.0;19.846
2025-01-30;32.005;30.44041455658335;2026-12-18;32.0;2.41;47.4569;19.0;19.874
2025-01-31;32.155;30.58308170807491;2026-12-18;32.0;2.85;52.4207;19.0;19.52
2025-02-04;32.07;30.502236988896357;2026-12-18;32.0;2.73;51.1409;19.0;19.649
2025-02-05;31.975;30.411881126285035;2026-12-18;32.0;2.85;52.2842;19.0;19.752
2025-02-07;31.98;30.41663669800142;2026-12-18;32.0;2.75;51.3983;19.0;19.65
2025-02-12;32.555;30.963527445385747;2026-12-18;32.0;3.09;55.0892;19.0;19.459
2025-02-14;32.22;30.975899788362323;2026-12-18;32.0;2.89;53.1008;19.0;19.47
2025-02-18;32.47;31.216246620984627;2026-12-18;32.0;3.16;55.6608;19.0;19.636
2025-02-20;32.59;31.331613100643334;2026-12-18;32.0;3.25;56.3198;19.0;19.808
2025-02-21;32.155;30.913409611880528;2026-12-18;32.0;3.24;56.2976;19.0;19.741
2025-02-26;32.155;30.913409611880528;2026-12-18;32.0;2.87;52.5431;19.0;19.942
2025-02-27;32.41;31.158563381155272;2026-12-18;32.0;3.02;54.0757;19.0;19.915
2025-03-04;31.175;29.9712500280011;2026-12-18;32.0;3.15;55.3151;19.0;19.958
2025-03-05;30.445;29.26943727674398;2026-12-18;32.0;2.59;49.0395;20.0;20.588
2025-03-06;30.46;29.28385808670132;2026-12-18;32.0;2.28;45.3897;20.0;20.825
2025-03-07;30.635;29.452100869536928;2026-12-18;32.0;2.32;45.8204;20.0;20.833
2025-03-12;30.81;29.620343652372537;2026-12-18;32.0;2.35;46.04;21.0;21.078
2025-03-13;31.28;30.07219569770247;2026-12-18;32.0;2.48;47.5707;21.0;21.053
2025-03-14;31.49;30.2740870371052;2026-12-18;32.0;2.71;49.956;21.0;21.017
2025-03-18;32.245;30.999934471624552;2026-12-18;32.0;3.03;53.3774;20.0;20.804
2025-03-19;32.88;31.610415426485204;2026-12-18;32.0;3.14;54.575;20.0;20.662
2025-03-20;33.03;31.754623526058584;2026-12-18;32.0;3.5;57.7122;20.0;20.741
2025-03-21;32.815;31.547925250003402;2026-12-18;32.0;3.56;58.4013;20.0;20.632
2025-03-25;33.37;32.08149521842491;2026-12-18;32.0;3.45;57.5188;20.0;20.633
2025-03-26;34.005;32.69197617328557;2026-12-18;32.0;3.71;59.9117;20.0;20.404
2025-03-27;34.085;32.7688871597247;2026-12-18;32.0;4.09;62.9606;20.0;20.371
2025-03-28;33.58;32.28338655782765;2026-12-18;32.0;4.13;63.3452;20.0;20.336
2025-04-04;29.5;28.360926249431675;2026-12-18;32.0;2.99;52.3592;21.0;21.57
2025-04-08;28.325;27.231296136106852;2026-12-18;32.0;1.88;37.1646;26.0;26.273
2025-04-09;26.765;25.73153190054369;2026-12-18;32.0;1.79;37.0323;24.0;24.469
2025-04-10;27.19;26.140121516001603;2026-12-18;32.0;1.66;33.8318;27.0;27.462
2025-04-11;26.785;25.750759647153473;2026-12-18;32.0;1.64;34.2431;26.0;26.011
2025-04-15;27.97;26.890003633783184;2026-12-18;32.0;1.74;35.6016;26.0;26.08
2025-04-16;28.47;27.37069729902779;2026-12-18;32.0;1.56;34.7355;23.0;23.309
2025-04-17;28.615;27.510098461948722;2026-12-18;32.0;1.66;36.5251;22.0;22.777
2025-04-23;28.55;27.447608285466927;2026-12-18;32.0;1.64;36.2979;22.0;22.673
2025-04-24;28.655;27.548553955168295;2026-12-18;32.0;1.66;36.4504;22.0;22.809
2025-04-25;28.965;27.846584027619947;2026-12-18;32.0;1.68;36.8581;22.0;22.751
2025-04-29;28.9;27.78409385113815;2026-12-18;32.0;1.74;38.0487;22.0;22.246
2025-04-30;28.81;27.69756899139412;2026-12-18;32.0;1.67;37.2834;22.0;22.071
2025-05-06;28.885;27.769673041180813;2026-12-18;32.0;1.61;36.4235;22.0;22.11
2025-05-07;28.75;27.63988575156477;2026-12-18;32.0;1.63;36.8543;21.0;21.97
2025-05-08;28.935;27.81774240770527;2026-12-18;32.0;1.57;36.0738;21.0;21.921
2025-05-09;29.2;28.07251005028491;2026-12-18;32.0;1.63;36.9683;21.0;21.914
2025-05-13;30.185;29.01947657081678;2026-12-18;32.0;1.84;40.5319;20.0;20.998
2025-05-14;30.025;28.86565459793851;2026-12-18;32.0;1.95;42.255;20.0;20.67
2025-05-15;29.585;28.749519008415415;2026-12-18;32.0;1.86;41.2229;20.0;20.567
2025-05-16;29.84;28.997317803316406;2026-12-18;32.0;1.83;40.6438;20.0;20.789
2025-05-20;29.705;28.866130206015878;2026-12-18;32.0;1.81;40.6065;20.0;20.615
2025-05-21;29.535;28.700931009415218;2026-12-18;32.0;1.85;41.1954;20.0;20.576
2025-05-23;28.995;28.176180620213113;2026-12-18;32.0;1.63;38.1605;20.0;20.704
2025-05-28;29.305;28.477426214014322;2026-12-18;32.0;1.65;38.6767;20.0;20.567
2025-05-30;29.23;28.40454421551403;2026-12-18;32.0;1.6;37.8079;20.0;20.662
2025-06-04;29.6;28.764095408115473;2026-12-18;32.0;1.85;41.65;20.0;20.243
2025-06-05;29.575;28.739801408615374;2026-12-18;32.0;1.69;39.497;20.0;20.203
2025-06-06;29.89;29.045905802316604;2026-12-18;32.0;1.69;39.4621;20.0;20.338
2025-06-10;30.82;29.94964258372023;2026-12-18;32.0;1.78;40.9486;20.0;20.112
2025-06-11;30.585;29.721278988419314;2026-12-18;32.0;2.15;46.1146;19.0;19.926
2025-06-12;30.87;29.998230582720428;2026-12-18;32.0;2.06;44.8265;20.0;20.002
2025-06-13;31.11;30.23145297792136;2026-12-18;32.0;2.29;46.9222;20.0;20.817
2025-06-17;31.375;30.488969372622396;2026-12-18;32.0;2.36;47.5676;21.0;21.061
2025-06-18;31.34;30.45495777332226;2026-12-18;32.0;2.57;49.7628;21.0;21.125
2025-06-19;31.76;30.863096964923898;2026-12-18;32.0;2.65;49.8953;21.0;21.818
2025-06-20;31.525;30.634733369622978;2026-12-18;32.0;2.88;52.0909;21.0;21.888
2025-06-24;30.42;29.56093859171867;2026-12-18;32.0;2.67;50.5895;21.0;21.384
2025-06-25;30.15;29.298563397117615;2026-12-18;32.0;2.01;43.93;20.0;20.466
2025-06-26;30.345;29.488056593218378;2026-12-18;32.0;1.86;42.1838;20.0;20.249
2025-06-27;30.44;29.58037379131875;2026-12-18;32.0;1.96;43.3559;20.0;20.335
2025-07-01;30.14;29.288845797317578;2026-12-18;32.0;1.83;41.448;20.0;20.636
2025-07-02;30.395;29.536644592218572;2026-12-18;32.0;1.88;42.2218;20.0;20.562
2025-07-04;30.575;29.711561388619273;2026-12-18;32.0;2.04;44.6058;20.0;20.276
2025-07-08;30.33;29.473480193518316;2026-12-18;32.0;1.71;39.8786;20.0;20.642
2025-07-09;30.58;29.716420188519294;2026-12-18;32.0;1.9;42.7261;20.0;20.424
2025-07-10;30.96;30.08568898092078;2026-12-18;32.0;2.01;44.1196;20.0;20.427
2025-07-11;30.92;30.046818581720622;2026-12-18;32.0;2.16;46.2172;20.0;20.387
2025-07-15;30.395;29.536644592218572;2026-12-18;32.0;1.96;43.5791;20.0;20.425
2025-07-16;30.19;29.337433796317775;2026-12-18;32.0;1.91;43.0583;20.0;20.377
2025-07-17;30.345;29.488056593218378;2026-12-18;32.0;1.8;41.6645;20.0;20.175
2025-07-18;30.4;29.541503392118592;2026-12-18;32.0;1.86;42.5653;20.0;20.187
2025-07-22;30.29;29.434609794318163;2026-12-18;32.0;1.82;42.0729;20.0;20.255
2025-07-23;30.83;29.959360183520268;2026-12-18;32.0;1.81;42.0508;20.0;20.145
2025-07-24;30.755;29.886478185019975;2026-12-18;32.0;2.03;45.1268;20.0;20.07
2025-07-25;30.735;29.8670429854199;2026-12-18;32.0;2.0;44.6657;20.0;20.065
2025-07-29;31.335;30.45009897342224;2026-12-18;32.0;2.13;46.6909;19.0;19.905
2025-07-30;31.19;30.309193776321674;2026-12-18;32.0;2.22;47.9446;19.0;19.789
2025-07-31;31.495;30.605580570222866;2026-12-18;32.0;2.15;47.1119;19.0;19.896
2025-08-01;31.2;30.31891137612171;2026-12-18;32.0;2.29;48.8406;19.0;19.829
2025-08-05;31.11;30.23145297792136;2026-12-18;32.0;2.06;45.8778;19.0;19.971
2025-08-06;31.48;30.591004170522805;2026-12-18;32.0;2.1;46.5817;19.0;19.857
2025-08-07;30.78;29.910772184520077;2026-12-18;32.0;2.28;48.764;19.0;19.85
2025-08-08;30.845;29.97393658322033;2026-12-18;32.0;1.96;44.5879;19.0;19.892
2025-08-12;31.135;30.25574697742146;2026-12-18;32.0;1.95;44.3874;20.0;20.096
2025-08-13;31.04;30.16342977932109;2026-12-18;32.0;2.09;46.4293;19.0;19.921
2025-08-14;30.7;30.13009841200696;2026-12-18;32.0;2.04;45.8654;19.0;19.945
2025-08-15;30.675;30.105562501248;2026-12-18;32.0;2.0;45.4291;19.0;19.842
2025-08-19;30.79;30.218427690739226;2026-12-18;32.0;1.98;45.1601;19.0;19.919
2025-08-20;30.885;30.31166415162329;2026-12-18;32.0;2.04;45.9935;19.0;19.937
2025-08-21;31.075;30.49813707339141;2026-12-18;32.0;2.1;46.5976;20.0;20.049
2025-08-22;31.225;30.64535253794519;2026-12-18;32.0;2.15;47.5882;19.0;19.765
2025-08-26;31.4;30.81710391325793;2026-12-18;32.0;2.37;50.3717;19.0;19.715
2025-08-27;31.655;31.06737020299936;2026-12-18;32.0;2.29;49.4755;19.0;19.731
2025-08-28;31.57;30.983948106418882;2026-12-18;32.0;2.4;50.9604;19.0;19.596
2025-08-29;31.59;31.003576835026053;2026-12-18;32.0;2.34;50.3782;19.0;19.485
2025-08-29;31.59;31.003576835026053;2026-12-18;32.0;2.33;50.4083;19.0;19.4
2025-09-02;31.53;30.944690649204542;2026-12-18;32.0;2.3;50.1427;19.0;19.329
2025-09-03;31.195;30.615909445034433;2026-12-18;32.0;2.3;49.9844;19.0;19.508
2025-09-04;31.19;30.611002262882643;2026-12-18;32.0;2.18;48.0998;19.0;19.87
2025-09-05;30.46;29.894553668720913;2026-12-18;32.0;2.16;47.9958;19.0;19.772
2025-09-09;30.925;30.35092160883763;2026-12-18;32.0;1.91;44.596;19.0;19.887
2025-09-10;30.87;30.29694260516791;2026-12-18;32.0;2.02;46.2433;19.0;19.818
2025-09-11;30.74;30.1693558692213;2026-12-18;32.0;1.98;45.8162;19.0;19.768
2025-09-12;30.66;30.09084095479262;2026-12-18;32.0;1.91;44.8993;19.0;19.643
2025-09-16;30.56;29.992697311756764;2026-12-18;32.0;1.78;43.2919;19.0;19.51
2025-09-17;30.205;29.644287378979485;2026-12-18;32.0;1.8;43.6167;19.0;19.47
2025-09-18;30.31;29.747338204167132;2026-12-18;32.0;1.68;41.5511;19.0;19.7
2025-09-19;30.11;29.551050918095424;2026-12-18;32.0;1.7;42.0716;19.0;19.566
2025-09-23;30.515;29.94853267239063;2026-12-18;32.0;1.63;41.017;19.0;19.718
2025-09-24;30.75;30.179170233524886;2026-12-18;32.0;1.76;43.2128;19.0;19.517
2025-09-25;30.985;30.40980779465914;2026-12-18;32.0;1.86;44.6345;19.0;19.5
2025-09-26;31.49;30.9054331919902;2026-12-18;32.0;1.95;46.074;19.0;19.443
2025-09-30;30.465;29.899460850872703;2026-12-18;32.0;1.98;46.3086;19.0;19.657
2025-10-01;30.95;30.375457519596594;2026-12-18;32.0;1.73;42.7242;19.0;19.594
2025-10-02;30.73;30.159541504917716;2026-12-18;32.0;1.99;46.0946;20.0;20.084
2025-10-03;31.1;30.522672984150375;2026-12-18;32.0;1.9;44.7415;20.0;20.159
2025-10-07;32.08;31.484480685901733;2026-12-18;32.0;2.27;49.875;19.0;19.971
2025-10-08;31.99;31.396151407169466;2026-12-18;32.0;2.54;52.8499;20.0;20.244
2025-10-09;32.085;31.48938786805353;2026-12-18;32.0;2.51;52.324;20.0;20.37
2025-10-10;31.035;30.458879616177068;2026-12-18;32.0;2.54;52.8512;20.0;20.239
2025-10-14;30.95;30.375457519596594;2026-12-18;32.0;2.11;47.2153;20.0;20.743
2025-10-15;31.07;30.49322989123962;2026-12-18;32.0;2.05;46.174;21.0;21.025
2025-10-16;30.945;30.3705503374448;2026-12-18;32.0;2.11;46.9106;21.0;21.098
2025-10-17;30.99;30.414714976810934;2026-12-18;32.0;2.07;46.2449;21.0;21.271
2025-10-21;31.415;30.83182545971331;2026-12-18;32.0;2.17;47.8527;21.0;21.005
2025-10-22;31.87;31.278379035526445;2026-12-18;32.0;2.21;48.5928;20.0;20.8
2025-10-23;32.705;32.09787845487582;2026-12-18;32.0;2.43;51.1755;20.0;20.836
2025-10-24;32.68;32.073342544116855;2026-12-18;32.0;2.96;56.241;21.0;21.557
2025-10-28;32.34;31.739654157794956;2026-12-18;32.0;2.83;55.2492;21.0;21.409
2025-10-29;32.735;32.12732154778657;2026-12-18;32.0;2.73;54.2062;21.0;21.303
2025-10-30;32.815;32.20583646221525;2026-12-18;32.0;2.95;56.487;21.0;21.448
2025-10-31;32.46;31.85742652943798;2026-12-18;32.0;2.98;57.0117;21.0;21.295
2025-11-04;32.26;31.661139243366268;2026-12-18;32.0;2.73;54.8343;20.0;20.969
2025-11-05;32.575;31.97029171892921;2026-12-18;32.0;2.64;53.6402;21.0;21.18
2025-11-06;32.41;31.80835470792005;2026-12-18;32.0;2.81;55.4896;21.0;21.277
2025-11-07;32.47;31.867240893741563;2026-12-18;32.0;2.72;54.4944;21.0;21.231
2025-11-11;33.36;32.740719316760654;2026-12-18;32.0;2.89;56.5439;21.0;21.192
2025-11-12;33.0;32.387402201831584;2026-12-18;32.0;3.23;59.909;21.0;21.151
2025-11-13;32.515;32.21496382101759;2026-12-18;32.0;3.0;57.8341;21.0;21.006
2025-11-14;32.505;32.205056097252864;2026-12-18;32.0;2.91;56.8692;21.0;21.106
2025-11-18;32.12;31.823608732310777;2026-12-18;32.0;2.92;57.0076;21.0;21.294
2025-11-19;31.79;31.49665384807471;2026-12-18;32.0;2.68;54.2933;21.0;21.415
2025-11-20;32.085;31.788931699134228;2026-12-18;32.0;2.49;52.2392;21.0;21.252
2025-11-21;31.775;31.481792262427614;2026-12-18;32.0;2.62;53.9494;21.0;21.101
2025-11-25;31.62;31.32822254407431;2026-12-18;32.0;2.37;50.906;21.0;21.323
2025-11-26;31.655;31.362899577250865;2026-12-18;32.0;2.38;51.0284;21.0;21.273
2025-11-27;31.55;31.258868477721204;2026-12-18;32.0;2.37;51.1756;21.0;21.106
2025-11-28;31.86;31.566007914427814;2026-12-18;32.0;2.31;50.4963;21.0;21.082
2025-12-02;31.825;31.531330881251264;2026-12-18;32.0;2.57;53.3027;21.0;21.423
2025-12-03;32.11;31.81370100854605;2026-12-18;32.0;2.47;52.2089;21.0;21.405
2025-12-04;32.115;31.818654870428418;2026-12-18;32.0;2.63;53.9687;21.0;21.548
2025-12-05;31.695;31.40253047230978;2026-12-18;32.0;2.62;53.975;21.0;21.498
2025-12-09;31.385;31.09539103560317;2026-12-18;32.0;2.33;50.4616;21.0;21.556
2025-12-10;31.125;30.837790217720208;2026-12-18;32.0;2.23;49.325;21.0;21.554
2025-12-11;31.01;30.72385139442582;2026-12-18;32.0;2.11;47.7192;21.0;21.657
2025-12-12;30.695;30.411758095836845;2026-12-18;32.0;2.04;46.9215;21.0;21.578
2025-12-16;30.1;29.822248531835445;2026-12-18;32.0;1.9;45.3891;21.0;21.325
2025-12-17;30.355;30.074895487836045;2026-12-18;32.0;1.61;40.8641;21.0;21.428
2025-12-18;30.44;30.159111139836245;2026-12-18;32.0;1.72;42.5409;21.0;21.522
2025-12-19;30.89;30.60495870924907;2026-12-18;32.0;1.72;42.8382;21.0;21.226
2025-12-23;30.985;30.699082085013995;2026-12-18;32.0;1.86;45.9319;20.0;20.492
2025-12-24;31.015;30.728805256308185;2026-12-18;32.0;1.81;45.656;20.0;20.196
2025-12-30;31.365;31.07557558807371;2026-12-18;32.0;1.85;46.4658;20.0;20.179
2025-12-31;31.475;31.184560549485738;2026-12-18;32.0;1.96;48.0858;20.0;20.124
2026-01-06;31.8;31.50656157183944;2026-12-18;32.0;2.14;50.3209;20.0;20.365
2026-01-07;30.72;30.436527405248665;2026-12-18;32.0;2.18;50.9777;20.0;20.349
2026-01-08;29.66;29.386308686187352;2026-12-18;32.0;1.72;43.837;20.0;20.882
2026-01-09;30.54;30.25818837748354;2026-12-18;32.0;1.31;36.8194;21.0;21.101
2026-01-13;31.455;31.164745101956274;2026-12-18;32.0;1.71;43.8506;20.0;20.864
2026-01-14;31.7;31.407484334192144;2026-12-18;32.0;2.0;48.481;20.0;20.563
2026-01-15;31.78;31.48674612430998;2026-12-18;32.0;2.2;50.3502;21.0;21.228
2026-01-16;31.87;31.575915638192548;2026-12-18;32.0;2.22;50.8135;21.0;21.089
2026-01-19;31.63;31.33813026783904;2026-12-18;32.0;2.11;49.6868;21.0;21.023
2026-01-21;31.56;31.268776201485935;2026-12-18;32.0;2.03;48.2764;21.0;21.292
2026-01-22;30.91;30.624774156778525;2026-12-18;32.0;2.11;49.2719;21.0;21.385
2026-01-23;31.18;30.892282698426218;2026-12-18;32.0;1.83;45.0571;21.0;21.703
2026-01-27;31.155;30.867513389014395;2026-12-18;32.0;1.81;45.333;21.0;21.399
2026-01-28;31.635;31.343084129721408;2026-12-18;32.0;1.88;46.3223;21.0;21.469
2026-01-29;32.415;32.1158865833703;2026-12-18;32.0;2.15;49.638;21.0;21.707
2026-01-30;32.325;32.02671706948774;2026-12-18;32.0;2.64;54.7987;22.0;22.572
2026-02-03;32.435;32.13570203089976;2026-12-18;32.0;2.46;53.4235;22.0;22.102
2026-02-04;33.245;32.93822765584283;2026-12-18;32.0;2.55;54.7421;21.0;21.936
2026-02-05;31.985;31.689854461486934;2026-12-18;32.0;3.03;59.8168;22.0;22.056
2026-02-06;32.09;31.793885561016594;2026-12-18;32.0;2.34;51.8635;22.0;22.254
2026-02-10;32.58;32.27936402548833;2026-12-18;32.0;2.62;55.2215;22.0;22.418
2026-02-11;33.555;33.245367092549444;2026-12-18;32.0;2.67;55.6415;22.0;22.64
2026-02-12;33.2;32.893642898901554;2026-12-18;32.0;3.27;61.5007;22.0;22.838
2026-02-13;33.085;32.779704075607164;2026-12-18;32.0;3.08;59.3344;23.0;23.065
2026-02-17;32.845;32.54191870525366;2026-12-18;32.0;3.02;58.5692;23.0;23.367
2026-02-18;33.64;33.32958274454965;2026-12-18;32.0;2.88;57.1627;23.0;23.44
2026-02-19;33.725;33.725;2026-12-18;32.0;3.4;61.7714;23.0;23.819
2026-02-20;33.67;33.67;2026-12-18;32.0;3.71;63.8649;24.0;24.449
2026-02-24;34.175;34.175;2026-12-18;32.0;3.78;65.3003;23.0;23.903
2026-02-25;34.57;34.57;2026-12-18;32.0;3.89;66.4533;23.0;23.648
2026-02-26;34.68;34.68;2026-12-18;32.0;4.14;68.6137;23.0;23.527
2026-02-27;35.0;35.0;2026-12-18;32.0;4.25;69.0162;23.0;23.919
2026-03-03;35.755;35.755;2026-12-18;32.0;5.34;73.7467;26.0;26.129
2026-03-04;35.215;35.215;2026-12-18;32.0;5.23;72.8829;26.0;26.424
2026-03-05;35.76;35.76;2026-12-18;32.0;4.78;70.7791;25.0;25.754
2026-03-06;36.17;36.17;2026-12-18;32.0;5.17;73.2432;25.0;25.88
